{
    "ActionSound": "",
    "AutoUnlock": true,
    "Cards": [
        "{\n    \"UnitsInDeck\": 3,\n    \"Card\": \"enforcerholysmash\"\n}",
        "{\n    \"UnitsInDeck\": 3,\n    \"Card\": \"shieldbash\"\n}",
        "{\n    \"UnitsInDeck\": 2,\n    \"Card\": \"flash\"\n}",
        "{\n    \"UnitsInDeck\": 2,\n    \"Card\": \"holysmite\"\n}",
        "{\n    \"UnitsInDeck\": 2,\n    \"Card\": \"holynova\"\n}",
        "{\n    \"UnitsInDeck\": 2,\n    \"Card\": \"barricade\"\n}",
        "{\n    \"UnitsInDeck\": 1,\n    \"Card\": \"enforcersacredquake\"\n}"
    ],
    "ChallengePack0": "paladin",
    "ChallengePack1": "guardian",
    "ChallengePack2": "destroyer",
    "ChallengePack3": "justicar",
    "ChallengePack4": "crusader",
    "ChallengePack5": "saint",
    "ChallengePack6": "brawler",
    "CharacterDescription": "Once lost deep in the vast dungeon below Basthet's Great Pyramid, Laios struggedled to survive. There he learned to fiercely protect those he cares about. He also became increasingly zealous about what he was most passionate about, which may or may not be the consumption of monsters.",
    "CharacterDescriptionStrength": "This hero excels at combining Defenses, Blunt Damage, and Holy Damage",
    "CharacterName": "Laios",
    "Energy": 1,
    "EnergyTurn": 3,
    "Female": false,
    "FluffOffsetX": 0,
    "FluffOffsetY": 3.40000009536743,
    "HeroClass": "warrior",
    "HeroClassSecondary": "healer",
    "HitSound": "",
    "HP": 91,
    "ID": "enforcer",
    "Item": "enforcerholyshield",
    "MaxHP": [
        0,
        7,
        7,
        7,
        7
    ],
    "OrderInList": 5,
    "ResistSlashing": 10,
    "ResistBlunt": 20,
    "ResistPiercing": 10,
    "ResistFire": 15,
    "ResistCold": -5,
    "ResistLightning": -5,
    "ResistHoly": 20,
    "ResistShadow": 5,
    "ResistMind": 0,
    "Speed": 13,
    "SpriteBorderLocked": "laiosSilueta",
    "StickerBase": "",
    "StickerAngry": "",
    "StickerIndifferent": "",
    "StickerLove": "",
    "StickerSurprise": "",
    "StickerOffsetX": 0.100000001490116,
    "SubclassName": "Enforcer",
    "Trait0": "enforcertrait0",
    "Trait1A": "enforcertrait1a",
    "Trait1B": "enforcertrait1b",
    "Trait2A": "enforcertrait2a",
    "Trait2B": "enforcertrait2b",
    "Trait3A": "enforcertrait3a",
    "Trait3B": "enforcertrait3b",
    "Trait4A": "enforcertrait4a",
    "Trait4B": "enforcertrait4b",
    "CardsSingularity": [
        "enforcersacredquake",
        "enforcerholysmash",
        "shieldbash",
        "flash",
        "holysmite",
        "holynova",
        "barricade",
        "pommel",
        "punch",
        "groundslam",
        "sacredbolt",
        "penance",
        "repairarmor",
        "prayerofprotection",
        "intercept"
    ]
}